﻿name,address1,address2,address3,borough_name,website,os_addressbase_uprn,borough_code,ward_2022_name,ward_2022_code,latitude,longitude,easting,northing
Wembley Library,,,,Brent,,,E09000005,Wembley Park,E05013516,51.55840914,-0.27988313,519339.8475,185793.3494
Kilburn,,,,Brent,,202046410,E09000005,Queens Park,E05013507,51.53460692,-0.203802273,524678.5649,183273.2007
Bradmore Green,,,,Croydon,,2.00E+11,E09000008,Old Coulsdon,E05011474,51.30703271,-0.12240494,530972.108,158108.6541
Biggin Hill Memorial Library and Pool,,,,Bromley,,10070007971,E09000006,Biggin Hill,E05013989,51.31170065,0.036318182,542020.3836,158922.5458
Coulsdon,,,,Croydon,,1.00E+11,E09000008,Coulsdon Town,E05011466,51.31947203,-0.13709679,529913.0368,159465.8282
Purley,,,,Croydon,,2.00E+11,E09000008,Purley & Woodcote,E05011476,51.33861472,-0.117094012,531252.2061,161629.9606
Sanderstead,,,,Croydon,,2.00E+11,E09000008,Sanderstead,E05011478,51.34028969,-0.083955297,533555.4595,161875.9689
New Addington,,,,Croydon,,1.00E+11,E09000008,New Addington South,E05011471,51.34039632,-0.014765878,538374.0064,162015.8852
Selsdon,,,,Croydon,,10014054952,E09000008,Selsdon Vale & Forestdale,E05011481,51.34193161,-0.060767012,535165.6722,162100.9893
Library @ the Phoenix Centre,,,,Sutton,,5870113095,E09000029,South Beddington & Roundshaw,E05013763,51.35268985,-0.131684671,530196.1143,163169.1442
Wallington Library,,,,Sutton,,5870076858,E09000029,Wallington South,E05013771,51.35732129,-0.149222392,528961.9692,163653.2348
Cheam Library,,,,Sutton,,5870018019,E09000029,Cheam,E05013758,51.35957626,-0.215126355,524367.4118,163790.2777
Sutton Central Library,,,,Sutton,,5870113864,E09000029,Sutton Central,E05013765,51.36154844,-0.193586833,525861.5924,164046.3156
Hook and Chessington Library,,,,Kingston upon Thames,,10091803267,E09000021,Hook & Chessington North,E05013935,51.36739709,-0.30447708,518126.7495,164512.4416
Library @ Westcroft Centre,,,,Sutton,,5870122731,E09000029,Wallington North,E05013770,51.36742881,-0.156544791,528423.9084,164764.3509
Croydon central library,,,,Croydon,,1.00E+11,E09000008,Fairfield,E05011468,51.37138431,-0.097931813,532492.4014,165308.3352
Worcester Park Library,,,,Sutton,,5870109125,E09000029,Worcester Park North,E05013772,51.37753233,-0.239807077,522601.2576,165745.5303
Shirley,,,,Croydon,,1.00E+11,E09000008,Shirley South,E05011483,51.37465273,-0.043548174,536267.8069,165771.4392
West Wickham Library,,,,Bromley,,1.00E+11,E09000006,West Wickham,E05014008,51.37533193,-0.012306129,538440.0224,165905.3481
Library @ The Life Centre,,,,Sutton,,5870120544,E09000029,Sutton North,E05013766,51.37837931,-0.200253584,525351.5527,165906.5242
Tolworth Community Library,,,,Kingston upon Thames,,128002519,E09000021,Alexandra,E05013928,51.3805588,-0.28069395,519747.9629,166014.573
Hayes Library,,,,Bromley,,1.00E+11,E09000006,Hayes & Coney Hall,E05013998,51.37686239,0.019678625,540661.3202,166136.3177
Orpington Library,,,,Bromley,,10070009943,E09000006,Orpington,E05014001,51.375607,0.102773528,546448.1007,166159.2581
Old Malden Library,,,,Kingston upon Thames,,128004320,E09000021,Old Malden,E05013942,51.38323859,-0.253314099,521646.1724,166357.5922
Ashburton,,,,Croydon,,10014052814,E09000008,Addiscombe East,E05011462,51.38255158,-0.061536706,534992.6739,166616.5242
The Circle Library,,,,Sutton,,5870120398,E09000029,St Helier East,E05013761,51.38506086,-0.172897523,527236.7644,166696.599
Broad Green,,,,Croydon,,10000104509,E09000008,Broad Green,E05011465,51.38485402,-0.115555759,531227.2638,166774.523
Surbiton Library,,,,Kingston upon Thames,,128006816,E09000021,Surbiton Hill,E05013944,51.39228094,-0.296326317,518629.8755,167292.6945
Southborough Library,,,,Bromley,,1.00E+11,E09000006,Bromley Common & Holwood,E05013990,51.38938336,0.044998489,542384.6044,167577.4841
Petts Wood Library,,,,Bromley,,1.00E+11,E09000006,Petts Wood & Knoll,E05014003,51.38948409,0.072531624,544299.8675,167642.4634
West Barnes Library,,,,Merton,,48085264,E09000024,West Barnes,E05013827,51.39463987,-0.237525903,522714.3057,167651.716
New Malden Library,,,,Kingston upon Thames,,128010803,E09000021,New Malden Village,E05013940,51.3987777,-0.259235194,521193.1577,168075.7613
Thornton Heath,,,,Croydon,,2.00E+11,E09000008,Bensham Manor,E05011464,51.3963774,-0.103997406,531998.337,168076.6336
South Norwood,,,,Croydon,,2.00E+11,E09000008,South Norwood,E05011485,51.39677584,-0.077124186,533866.5769,168169.6617
Pollards Hill Library,,,,Merton,,48065103,E09000024,Pollards Hill,E05013821,51.3995746,-0.13027904,530161.0005,168385.2342
Morden Library,,,,Merton,,48083350,E09000024,St Helier,E05013824,51.40100796,-0.194447903,525693.6152,168432.7952
Shortlands Library,,,,Bromley,,1.00E+11,E09000006,Shortlands & Park Langley,E05014005,51.39924941,-0.005589835,538835.1715,168577.7252
Norbury,,,,Croydon,,1.00E+11,E09000008,Norbury & Pollards Hill,E05011472,51.40507418,-0.119052849,530926.1783,169016.7576
Bromley Central Library,,,,Bromley,,1.00E+11,E09000006,Bromley Town,E05013991,51.40324078,0.016066784,540329.3874,169062.757
Kingston Library,,,,Kingston upon Thames,,128019808,E09000021,Kingston Town,E05013938,51.40882739,-0.298688099,518422.915,169128.8386
Raynes Park Library,,,,Merton,,48128562,E09000024,Raynes Park,E05013823,51.40858096,-0.226221534,523463.1978,169220.9564
Mitcham Library,,,,Merton,,48083196,E09000024,Figge's Marsh,E05013814,51.40810347,-0.160877126,528008.8531,169279.8846
St Pauls Cray Library,,,,Bromley,,1.00E+11,E09000006,St Paul's Cray,E05014007,51.40401746,0.104867667,546503.1308,169322.7341
Beckenham Library,,,,Bromley,,10003628986,E09000006,Clock House,E05013994,51.40810746,-0.03534684,536738.8963,169506.8684
Hampton,,,,Richmond upon Thames,,1.00E+11,E09000027,Hampton,E05013778,51.41335784,-0.368733087,513540.3371,169521.8615
Hampton Wick,,,,Richmond upon Thames,,10002251905,E09000027,Hampton Wick & South Teddington,E05013780,51.41327031,-0.311754655,517502.814,169601.8922
Penge Library,,,,Bromley,,10070007380,E09000006,Penge & Cator,E05014002,51.41339872,-0.049516924,535737.7837,170068.9349
Colliers Wood Library,,,,Merton,,48121555,E09000024,Colliers Wood,E05013812,51.41810235,-0.175888599,526937.2148,170365.6536
Upper Norwood,,,,Croydon,,10091838065,E09000008,Crystal Palace & Upper Norwood,E05011467,51.4195192,-0.079751385,533617.5346,170693.9771
Wimbledon Library,,,,Merton,,48127190,E09000024,Hillside,E05013816,51.42192157,-0.206383148,524806.5328,170738.0387
Burnt Ash Library,,,,Bromley,,1.00E+11,E09000006,Plaistow,E05014004,51.4192948,0.021290019,540643.3959,170857.949
Hampton Hill,,,,Richmond upon Thames,,10024344272,E09000027,Fulwell & Hampton Hill,E05013776,51.4259997,-0.354371646,514507.4558,170950.0281
Chislehurst Library,,,,Bromley,,1.00E+11,E09000006,Chislehurst,E05013993,51.41951611,0.066352567,543775.8361,170969.9055
Tudor Drive Library,,,,Kingston upon Thames,,128039997,E09000021,Tudor,E05013946,51.42580323,-0.295942865,518569.8976,171021.0724
Teddington,,,,Richmond upon Thames,,10002264575,E09000027,Teddington,E05013788,51.42722399,-0.332819999,516002.6432,171120.0657
Tooting Library,,,,Wandsworth,,121014131,E09000032,Tooting Broadway,E05014024,51.42603474,-0.164185342,527728.8392,171268.043
Sydenham community library service,,,,Lewisham,,1.00E+11,E09000023,Bellingham,E05013714,51.42640821,-0.039007332,536429.8866,171535.0772
Downham Library,,,,Lewisham,,1.00E+11,E09000023,Downham,E05013720,51.42655123,0.011453184,539937.3062,171646.0254
Sidcup Library,,,,Bexley,,1.00E+11,E09000004,Sidcup,E05011230,51.42531937,0.106637863,546558.1523,171694.9975
Kingswood Library,,,,Southwark,,2.00E+11,E09000028,Dulwich Wood,E05011101,51.42992202,-0.080120892,533561.5367,171850.0868
Streatham,,,,Lambeth,,1.00E+11,E09000022,Streatham Wells,E05014116,51.43105845,-0.127568076,530260.1238,171891.0558
Coldharbour Library,,,,Greenwich,,10010224659,E09000011,"Mottingham, Coldharbour & New Eltham",E05014086,51.42980097,0.058915383,543226.5737,172099.0195
Ham,,,,Richmond upon Thames,,1.00E+11,E09000027,"Ham, Petersham & Richmond Riverside",E05013777,51.43737166,-0.311671896,517446.7741,172282.2225
Hanworth Library,,,,Hounslow,,1.00E+11,E09000018,Hanworth Village,E05013616,51.43983125,-0.387346368,512181.1756,172437.1899
Forest Hill Library,,,,Lewisham,,1.00E+11,E09000023,Forest Hill,E05013722,51.43537399,-0.054595642,535319.7639,172503.1674
Grove Park community library service,,,,Lewisham,,1.00E+11,E09000023,Grove Park,E05013723,51.43543627,0.02508199,540857.4281,172660.1085
Mottingham Library,,,,Greenwich,,1.00E+11,E09000011,"Mottingham, Coldharbour & New Eltham",E05014086,51.43693949,0.045208326,542251.5993,172866.1064
Heathfield Library Access Point,,,,Richmond upon Thames,,1.00E+11,E09000027,West Twickenham,E05013790,51.4434674,-0.362896718,513871.3891,172879.2645
New Eltham Library,,,,Greenwich,,10010197970,E09000011,"Mottingham, Coldharbour & New Eltham",E05014086,51.43700853,0.072897864,544175.8233,172927.8955
Earlsfield Library,,,,Wandsworth,,1.00E+11,E09000032,Wandsworth Common,E05014027,51.44192022,-0.185149645,526227.707,172998.2166
Feltham Library,,,,Hounslow,,1.00E+11,E09000018,Hanworth Park,E05013615,51.44585041,-0.409519872,510625.5967,173072.9007
Southfields Library,,,,Wandsworth,,1.00E+11,E09000032,West Hill,E05014029,51.44303209,-0.207139118,524696.5538,173084.2505
Torridon Road Library,,,,Lewisham,,1.00E+11,E09000023,Hither Green,E05013724,51.44182955,2.12E-05,539096.228,173323.2133
Twickenham,,,,Richmond upon Thames,,1.00E+11,E09000027,Twickenham Riverside,E05013789,51.44697104,-0.326329333,516403.6649,173326.3447
Balham Library,,,,Wandsworth,,1.00E+11,E09000032,Balham,E05014009,51.44496215,-0.150761033,528608.9439,173396.2058
Catford library,,,,Lewisham,,2.00E+11,E09000023,Rushey Green,E05013730,51.4440966,-0.019079052,537762.0728,173539.2643
Bexley Community Library,,,,Bexley,,1.00E+11,E09000004,St Mary's & St James,E05011229,51.44224098,0.152449184,549687.5446,173669.18
Bedfont Library,,,,Hounslow,,1.00E+11,E09000018,Bedfont,E05013606,51.45154014,-0.432661866,509003.9087,173670.9998
Roehampton Library,,,,Wandsworth,,1.00E+11,E09000032,Roehampton,E05014017,51.44929376,-0.240517105,522360.298,173724.3405
Whitton,,,,Richmond upon Thames,,1.00E+11,E09000027,Whitton,E05013791,51.45223366,-0.357588317,514218.4377,173862.3926
Dulwich Library,,,,Southwark,,2.00E+11,E09000028,Dulwich Hill,E05011099,51.44828683,-0.072974201,534004.6061,173905.28
Blackfen Community Library,,,,Bexley,,10023305013,E09000004,Blendon & Penhill,E05011221,51.44966601,0.106032019,546438.1518,174401.072
Eltham Centre Library,,,,Greenwich,,1.00E+11,E09000011,Eltham Town & Avery Hill,E05014079,51.45051273,0.05950408,543202.7192,174403.2846
Northcote Library,,,,Wandsworth,,1.00E+11,E09000032,Northcote,E05014016,51.45463918,-0.162764313,527747.869,174451.3184
Wandsworth Town Library,,,,Wandsworth,,121008322,E09000032,Wandsworth Town,E05014028,51.45567007,-0.190880754,525791.6774,174517.3574
Crayford Library,,,,Bexley,,10090792770,E09000004,Crayford,E05011222,51.44939192,0.181716274,551697.6452,174524.5142
Richmond Information and Reference Library. Richmond ,,,,Richmond upon Thames,,10002264550,E09000027,South Richmond,E05013786,51.4583449,-0.304851588,517866.81,174625.4868
Crofton Park community library service,,,,Lewisham,,1.00E+11,E09000023,Crofton Park,E05013718,51.45492733,-0.034704482,536643.952,174714.3907
Manor House Library,,,,Lewisham,,1.00E+11,E09000023,Lee Green,E05013726,51.45679923,0.006103015,539473.2979,174999.381
Richmond Lending Library,,,,Richmond upon Thames,,10002249444,E09000027,South Richmond,E05013786,51.46178601,-0.302132551,518046.8365,175012.5227
Putney Library,,,,Wandsworth,,1.00E+11,E09000032,Thamesfield,E05014022,51.46127262,-0.214314012,524148.5215,175100.4388
Central Library,,,,Bexley,,1.00E+11,E09000004,Bexleyheath,E05011219,51.45547478,0.145384246,549153.4525,175126.3566
Lewisham Library,,,,Lewisham,,1.00E+11,E09000023,Lewisham Central,E05013727,51.45875667,-0.010065265,538344.1649,175186.4233
Carnegie library (Herne Hill),,,,Lambeth,,10091838239,E09000022,Herne Hill & Loughborough Junction,E05014104,51.46026675,-0.09500123,532439.4207,175197.3873
Brixton,,,,Lambeth,,2.00E+11,E09000022,Brixton Windrush,E05014098,51.46058716,-0.113142886,531178.2654,175200.381
Grove Vale Library,,,,Southwark,,2.00E+11,E09000028,Goose Green,E05011103,51.46109982,-0.077718332,533637.57,175321.4077
Clapham,,,,Lambeth,,10090197569,E09000022,Clapham East,E05014100,51.46259073,-0.132070789,529857.7442,175389.4684
East Sheen,,,,Richmond upon Thames,,1.00E+11,E09000027,East Sheen,E05013775,51.46489979,-0.266021105,520547.1188,175417.5236
Battersea Library,,,,Wandsworth,,1.00E+11,E09000032,Lavender,E05014014,51.46351276,-0.162566274,527736.8867,175438.4173
Isleworth Library,,,,Hounslow,,1.00E+11,E09000018,Isleworth,E05013625,51.46639803,-0.328555858,516199.6496,175483.1799
Hounslow Library,,,,Hounslow,,1.00E+11,E09000018,Hounslow Central,E05013620,51.4676225,-0.361468633,513910.5498,175567.6844
Beavers Library,,,,Hounslow,,10093260482,E09000018,Cranford,E05013612,51.46972705,-0.394852683,511586.6547,175750.3478
York Gardens Library,,,,Wandsworth,,10091844398,E09000032,Falconbrook,E05014012,51.46671069,-0.176145747,526784.7928,175770.4591
Welling Library,,,,Bexley,,1.00E+11,E09000004,Falconwood & Welling,E05011226,51.46201211,0.107780415,546520.0938,175777.4293
Hurlingham and Chelsea School and Community Library ,,,,Hammersmith and Fulham,,34063756,E09000013,Palace & Hurlingham,E05013744,51.46730717,-0.194927408,525478.6583,175804.4775
Nunhead Library,,,,Southwark,,2.00E+11,E09000028,Nunhead & Queen's Road,E05011108,51.46527339,-0.058104468,534987.7458,175821.4703
Blackheath Village community library service,,,,Greenwich,,1.00E+11,E09000011,Blackheath Westcombe,E05014073,51.46567918,0.011172244,539798.3536,175996.4802
Minet,,,,Lambeth,,1.00E+11,E09000022,Myatt's Fields,E05014107,51.47077924,-0.103808424,531797.3517,176350.4918
Battersea Park Library,,,,Wandsworth,,1.00E+11,E09000032,Battersea Park,E05014010,51.47387352,-0.152846626,528382.9835,176607.5352
Cranford Library,,,,Hounslow,,1.00E+11,E09000018,Cranford,E05013612,51.47764106,-0.404892845,510870.1656,176615.1801
Kew,,,,Richmond upon Thames,,1.00E+11,E09000027,Kew,E05013782,51.47599683,-0.283069715,519334.0082,176623.6606
Peckham Library,,,,Southwark,,2.00E+11,E09000028,Rye Lane,E05011113,51.47386908,-0.067762882,534291.6626,176759.5477
Fulham,,,,Hammersmith and Fulham,,34044300,E09000013,Walham Green,E05013749,51.47675544,-0.201107392,525023.6285,176844.5832
Camberwell Library,,,,Southwark,,10090749181,E09000028,St Giles,E05011115,51.47531156,-0.091033138,532671.4606,176877.544
New Cross community library service,,,,Lewisham,,1.00E+11,E09000023,Brockley,E05013716,51.47500522,-0.03708193,536418.9216,176942.5922
North Heath Community Library,,,,Bexley,,10011846473,E09000004,Northumberland Heath,E05011228,51.47278049,0.162930989,550315.5663,177086.5627
Castelnau,,,,Richmond upon Thames,,1.00E+11,E09000027,Barnes,E05013774,51.47975012,-0.23601797,522591.3756,177118.6427
Slade Green Community Library,,,,Bexley,,10090794390,E09000004,Slade Green & Northend,E05011231,51.47260377,0.192596225,552376.2848,177128.1937
Osterley Library,,,,Hounslow,,1.00E+11,E09000018,Osterley & Spring Grove,E05013626,51.48182162,-0.344332814,515065.0504,177173.4449
Tate South Lambeth,,,,Lambeth,,1.00E+11,E09000022,Oval,E05014108,51.47868673,-0.122377153,530485.2231,177196.5853
The Library at Deptford Lounge,,,,Lewisham,,10023235598,E09000023,Deptford,E05013719,51.4771916,-0.022686192,537412.0328,177212.6275
Blackheath Library,,,,Greenwich,,1.00E+11,E09000011,Blackheath Westcombe,E05014073,51.47646341,0.02315429,540597.4634,177218.5941
West Greenwich Library,,,,Greenwich,,10010200468,E09000011,Greenwich Park,E05014081,51.47748419,-0.009682215,538314.1494,177269.6357
Bostall Community Library,,,,Bexley,,1.00E+11,E09000004,West Heath,E05011233,51.47518169,0.131517747,548126.2646,177289.5869
Heston Library,,,,Hounslow,,1.00E+11,E09000018,Heston Central,E05013617,51.4853629,-0.373872389,513005.214,177521.2757
Brandon Library,,,,Southwark,,2.00E+11,E09000028,Newington,E05011105,51.4822063,-0.101346625,531935.3891,177625.6205
Charlton Library,,,,Greenwich,,1.00E+11,E09000011,Charlton Village & Riverside,E05014075,51.47996113,0.038778646,541671.5753,177637.6376
Brentford Library ,,,,Hounslow,,1.00E+11,E09000018,Brentford West,E05013608,51.48610093,-0.306007544,517715.1487,177710.1617
Erith Library,,,,Bexley,,10023303354,E09000004,Slade Green & Northend,E05011231,51.47860538,0.182997078,551689.767,177775.648
Chelsea Library,,,,Kensington and Chelsea,,217105143,E09000020,Royal Hospital,E05009403,51.48695911,-0.166593622,527391.9073,178038.6927
Greenwich Centre Library,,,,Greenwich,,10010254284,E09000011,East Greenwich,E05014076,51.48507784,0.009978276,539656.1873,178151.3233
Pimlico Library,,,,Westminster,,10033620911,E09000033,Pimlico South,E05013803,51.48766566,-0.135592046,529542.1996,178171.6115
Upper Belvedere Community Library,,,,Bexley,,1.00E+11,E09000004,Belvedere,E05011218,51.4834101,0.14685388,549164.3806,178235.686
Durning,,,,Lambeth,,1.00E+11,E09000022,Kennington,E05014105,51.48827569,-0.108499154,531421.3427,178287.691
Brompton Library,,,,Kensington and Chelsea,,217060921,E09000020,Redcliffe,E05009402,51.48956716,-0.186830684,525979.754,178293.7259
Chiswick Library,,,,Hounslow,,2.00E+11,E09000018,Chiswick Gunnersbury,E05013609,51.49118486,-0.259517611,520929.403,178351.176
Plumstead Library,,,,Greenwich,,1.00E+11,E09000011,Plumstead & Glyndon,E05014087,51.48585252,0.097888361,545756.9976,178408.722
Avonmore Library and Neighbourhood Centre,,,,Hammersmith and Fulham,,34058302,E09000013,Avonmore,E05013734,51.49206749,-0.205547084,524673.6104,178539.7561
Pepys community library service,,,,Lewisham,,1.00E+11,E09000023,Evelyn,E05013721,51.48930584,-0.029077129,536931.9573,178547.7436
East Street Library,,,,Southwark,,2.00E+11,E09000028,South Bermondsey,E05011116,51.49038632,-0.080102591,533386.5599,178573.7109
Woolwich Library,,,,Greenwich,,10010239328,E09000011,Woolwich Arsenal,E05014092,51.48875521,0.067021338,543604.9412,178670.5409
Victoria Library,,,,Westminster,,10033616882,E09000033,Pimlico North,E05013802,51.49239532,-0.146262996,528788.0578,178678.7453
Harlington Library,,,,Hillingdon,,10003001185,E09000017,Pinkwell,E05013576,51.49708916,-0.434933798,508737.8681,178732.8378
Hammersmith,,,,Hammersmith and Fulham,,34027231,E09000013,Brook Green,E05013735,51.4940733,-0.222094745,523519.4818,178734.7818
Blue Anchor Library,,,,Southwark,,2.00E+11,E09000028,South Bermondsey,E05011116,51.49237424,-0.062081863,534631.6981,178827.7425
Newington Temporary Library,,,,Southwark,,10093341252,E09000028,North Walworth,E05011107,51.49344456,-0.096953397,532207.9415,178883.245
Northfields Library,,,,Ealing,,12004049,E09000009,Northfield,E05013530,51.49852209,-0.312582853,517226.7871,179080.8963
Express Library,,,,Westminster,,1.00E+11,E09000033,St James's,E05013806,51.49704271,-0.128567805,530003.1881,179226.7901
Abbey Wood Library,,,,Greenwich,,10010232562,E09000011,Abbey Wood,E05014072,51.49324188,0.111800593,546699.1318,179258.1857
Cubitt Town library,,,,Tower Hamlets,,6081796,E09000030,Blackwall & Cubitt Town,E05009318,51.49546216,-0.010181399,538225.0984,179267.8324
Waterloo,,,,Lambeth,,1.00E+11,E09000022,Waterloo & South Bank,E05014118,51.49766755,-0.110329276,531267.3254,179328.7928
Canada Water Library,,,,Southwark,,10090284129,E09000028,Rotherhithe,E05011112,51.49729578,-0.047564977,535624.8009,179401.8073
Southall Library (Dominion Centre and Library),,,,Ealing,,12020455,E09000009,Southall Green,E05013538,51.50287467,-0.377570641,512705.29,179462.9579
Kensington Central Library,,,,Kensington and Chelsea,,217125485,E09000020,Queen's Gate,E05009401,51.50090763,-0.19283156,525532.0152,179544.506
West Drayton Library,,,,Hillingdon,,1.00E+11,E09000017,West Drayton,E05013581,51.50520608,-0.468693946,506375.5487,179585.9132
Askew Road,,,,Hammersmith and Fulham,,34011906,E09000013,Coningham,E05013737,51.50317005,-0.24146864,522150.3296,179713.8908
John Harvard Library,,,,Southwark,,2.00E+11,E09000028,Chaucer,E05011098,51.50125566,-0.09032367,532645.4736,179763.8235
Botwell Green Library,,,,Hillingdon,,10022805611,E09000017,Hayes Town,E05013569,51.50797249,-0.416286829,510006.0272,179970.9804
Acton Town Hall Library,,,,Ealing,,12180771,E09000009,South Acton,E05013536,51.50589642,-0.26632407,520418.1379,179975.9369
North Woolwich Library,,,,Newham,,10008995497,E09000025,Royal Albert,E05013922,51.50055166,0.064267038,543376.7295,179976.9019
Thamesmead Library,,,,Bexley,,1.00E+11,E09000004,Thamesmead East,E05011232,51.49981378,0.124208362,547539.1717,180013.906
Idea Store Canary Wharf,,,,Tower Hamlets,,6145802,E09000030,Blackwall & Cubitt Town,E05009318,51.50390566,-0.013173491,537991.9047,180201.0897
West Ealing Library,,,,Ealing,,12002863,E09000009,Walpole,E05013541,51.50898637,-0.322962116,516479.6899,180228.0201
Hanwell Library,,,,Ealing,,12001465,E09000009,Hanwell Broadway,E05013525,51.50942108,-0.334533647,515675.5997,180258.0305
Mayfair Library,,,,Westminster,,1.00E+11,E09000033,West End,E05013808,51.50886039,-0.14954367,528514.0129,180503.9197
Ealing Central Library,,,,Ealing,,12148296,E09000009,Ealing Broadway,E05013520,51.51182412,-0.300805858,518009.8669,180579.0286
Yiewsley Library,,,,Hillingdon,,1.00E+11,E09000017,Yiewsley,E05013584,51.51464462,-0.472499744,506089.5023,180630.0276
Notting Hill Gate Library,,,,Kensington and Chelsea,,217105238,E09000020,Pembridge,E05009400,51.51076859,-0.195818555,525297.6597,180635.9499
Charring Cross Library,,,,Westminster,,10033531833,E09000033,St James's,E05013806,51.50976289,-0.126518762,530109.1866,180644.9232
Thamesmere Library,,,,Greenwich,,10010224992,E09000011,Thamesmead Moorings,E05014090,51.50721776,0.110795098,546584.5001,180810.2891
Idea Store Chrisp Street,,,,Tower Hamlets,,6173963,E09000030,Poplar,E05009328,51.51105004,-0.012858142,537992.2018,180996.1119
North Kensington Library,,,,Kensington and Chelsea,,217048255,E09000020,Colville,E05009392,51.51615689,-0.207627437,524463.5619,181215.0087
Idea Store Watney Market,,,,Tower Hamlets,,6196250,E09000030,Shadwell,E05009332,51.51382558,-0.055650795,535014.7129,181224.9996
Shoe Lane,,,,City of London,,2.00E+11,E09000001,Farringdon Within,E05009304,51.51492977,-0.104973389,531589.3461,181257.9678
Paddington Library,,,,Westminster,,1.00E+11,E09000033,Bayswater,E05013793,51.5169107,-0.187042195,525889.7181,181334.0118
Artizan Street,,,,City of London,,95511788,E09000001,Portsoken,E05009308,51.51514611,-0.075183973,533655.5685,181335.9912
Guildhall Library and City Business Library,,,,City of London,,1.00E+11,E09000001,Bassishaw,E05009290,51.51556142,-0.091238833,532540.4503,181352.976
Yeading Library,,,,Hillingdon,,1.00E+11,E09000017,Belmore,E05013564,51.52036818,-0.402580015,510927.1176,181370.1437
Jubilee Gardens Library,,,,Ealing,,12000640,E09000009,Lady Margaret,E05013526,51.52072747,-0.367926306,513330.3418,181463.1623
Custom House Library,,,,Newham,,10008990024,E09000025,Custom House,E05013908,51.51466945,0.033005735,541163.4387,181486.0534
Beckton Library,,,,Newham,,10008997116,E09000025,Beckton,E05013904,51.51452083,0.056999433,542828.6522,181516.0573
Canning Town Library,,,,Newham,,10008988046,E09000025,Canning Town North,E05013906,51.5168551,0.012662185,539745.2476,181690.0309
Marylebone Library,,,,Westminster,,1.00E+11,E09000033,Marylebone,E05013801,51.52012163,-0.149058338,528516.0016,181757.0368
Barbican,,,,City of London,,2.00E+11,E09000001,Cripplegate,E05009302,51.51944948,-0.092517837,532440.4365,181783.0158
Idea Store Whitechapel,,,,Tower Hamlets,,6000711,E09000030,Whitechapel,E05009336,51.51927063,-0.056427971,534944.699,181829.0652
Holborn Library,,,,Camden,,5082117,E09000007,Holborn & Covent Garden,E05013662,51.52067122,-0.11412,530938.2693,181880.0302
Hayes End Library,,,,Hillingdon,,1.00E+11,E09000017,Charville,E05013565,51.52547573,-0.434551689,508696.8816,181890.1992
Little Venice Sports Centre Library,,,,Westminster,,10033612553,E09000033,Little Venice,E05013799,51.52203057,-0.175608347,526668.7982,181923.0635
Church Street Library,,,,Westminster,,10033532267,E09000033,Church Street,E05013794,51.52252362,-0.168582114,527154.8507,181990.0662
Kensal Library,,,,Kensington and Chelsea,,217035223,E09000020,Golborne,E05009396,51.52333382,-0.205283983,524606.5699,182017.0836
Rainham Library,,,,Havering,,10024389958,E09000016,Rainham & Wennington,E05013979,51.51675181,0.192670878,552234.2364,182037.3937
Pitshanger Library,,,,Ealing,,12132976,E09000009,Pitshanger,E05013535,51.52539097,-0.31235373,517173.751,182069.1958
Maida Vale Library,,,,Westminster,,1.00E+11,E09000033,Westbourne,E05013809,51.52416055,-0.188859128,525743.6947,182137.089
Local History Library,,,,Tower Hamlets,,6033654,E09000030,Bethnal Green,E05009317,51.52330884,-0.040757515,536019.8087,182307.1136
Queen's Park library,,,,Kensington and Chelsea,,1.00E+11,E09000020,Golborne,E05009396,51.52651654,-0.209340014,524316.5339,182364.1167
Greenford Library,,,,Ealing,,12001186,E09000009,Greenford Broadway,E05013523,51.52930578,-0.353676795,514297.4318,182439.2575
Finsbury Library,,,,Islington,,5300084848,E09000019,Clerkenwell,E05013702,51.52597704,-0.102943118,531698.3506,182490.0806
Bethnal Green library,,,,Tower Hamlets,,6036905,E09000030,Bethnal Green,E05009317,51.52592691,-0.052150698,535221.7186,182577.1598
Charville Library,,,,Hillingdon,,1.00E+11,E09000017,Charville,E05013565,51.53458782,-0.425961931,509270.9384,182916.3177
Shoreditch Library,,,,Hackney,,1.00E+11,E09000012,Hoxton East & Shoreditch,E05009377,51.52992914,-0.078323828,533394.526,182974.1553
Thames View,,,,Barking and Dagenham,,10091588559,E09000002,Thames View,E05014068,51.52735487,0.106154673,546198.0775,183040.1829
Plaistow Library,,,,Newham,,46096940,E09000025,Plaistow North,E05013918,51.52918631,0.027235955,540718.3916,183089.1965
St John's Wood Library,,,,Westminster,,10033532542,E09000033,Regent's Park,E05013805,51.53323428,-0.17084876,526967.8195,183177.1796
Pancras Square Library,,,,Camden,,5172479,E09000007,King's Cross,E05013666,51.53331656,-0.124801847,530161.1742,183267.1621
Camden Town Library,,,,Camden,,5021816,E09000007,Regent's Park,E05013668,51.53374045,-0.136162072,529372.085,183294.1711
Idea Store Bow,,,,Tower Hamlets,,6053810,E09000030,Bow East,E05009319,51.53204897,-0.028312673,536856.8925,183302.2085
East Ham Library,,,,Newham,,46253323,E09000025,East Ham,E05013909,51.5317699,0.057056061,542778.6666,183434.262
Kilburn Library Centre,,,,Camden,,5134480,E09000007,Kilburn,E05013665,51.53588068,-0.189547539,525663.6729,183439.2116
South Hornchurch Library,,,,Havering,,1.00E+11,E09000016,South Hornchurch,E05013984,51.52970163,0.18917753,551948.8202,183470.1819
Northolt Library,,,,Ealing,,12140961,E09000009,Northolt West End,E05013532,51.53913239,-0.383852769,512180.2474,183485.3896
Harlesden,,,,Brent,,202110706,E09000005,Harlesden & Kensal Green,E05013501,51.53817576,-0.248902211,521541.2282,183594.261
Oak Farm Library,,,,Hillingdon,,1.00E+11,E09000017,Hillingdon East,E05013571,51.54105794,-0.448540066,507689.7325,183602.3739
Lewis Carroll Children's Library,,,,Islington,,10012791189,E09000019,Barnsbury,E05013698,51.53656146,-0.115712865,530782.2418,183644.1894
Perivale Library,,,,Ealing,,12003797,E09000009,Perivale,E05013534,51.54009645,-0.32248201,516433.6455,183688.3709
Green Street Library,,,,Newham,,10009001054,E09000025,Green Street East,E05013913,51.53588095,0.036907327,541368.4902,183852.2939
South Library,,,,Islington,,5300031416,E09000019,St Mary's & St James',E05013710,51.53852804,-0.097142753,532064.3786,183896.2221
Barking,,,,Barking and Dagenham,,100053358,E09000002,Abbey,E05014053,51.5358099,0.081422904,544455.8779,183931.2966
Uxbridge Library,,,,Hillingdon,,1.00E+11,E09000017,Uxbridge,E05013580,51.54468289,-0.47672958,505726.4508,183964.381
Chalk Farm (now Primrose Hill Community Library),,,,Camden,,5154072,E09000007,Primrose Hill,E05013667,51.54063196,-0.15509123,528039.9309,184027.2499
West Library,,,,Islington,,5300011807,E09000019,Barnsbury,E05013698,51.54023085,-0.114594977,530849.2467,184054.2263
Swiss Cottage Library,,,,Camden,,5061473,E09000007,Primrose Hill,E05013667,51.54178129,-0.171630986,526889.8021,184126.2687
Stratford Library,,,,Newham,,46101428,E09000025,Stratford,E05013924,51.54226038,0.005951316,539202.1904,184502.3071
Willesden Green,,,,Brent,,202216288,E09000005,Brondesbury Park,E05013498,51.54614396,-0.22734961,523014.3652,184516.3249
Dagenham,,,,Barking and Dagenham,,10023599312,E09000002,Village,E05014070,51.53986885,0.150073004,549203.432,184520.334
Northolt Leisure Centre Library,,,,Ealing,,12173354,E09000009,Northolt Mandeville,E05013531,51.54839666,-0.366920507,513331.4551,184541.7107
Hackney Central Library,,,,Hackney,,10008243137,E09000012,Homerton,E05009376,51.54397082,-0.054481199,535006.6997,184579.3952
Dalston CLR James Library,,,,Hackney,,10008322989,E09000012,Dalston,E05009370,51.54553907,-0.072345591,533763.4253,184720.9605
Ealing Road,,,,Brent,,202102174,E09000005,Wembley Central,E05013514,51.54902978,-0.295856874,518256.8551,184724.4367
Belsize Community Library,,,,Camden,,5045720,E09000007,Belsize,E05013652,51.5473928,-0.160674101,527633.8814,184769.3204
Mildmay Library,,,,Islington,,5300062563,E09000019,Mildmay,E05013709,51.54709791,-0.082721131,533039.4787,184875.3742
West Hampstead Library,,,,Camden,,5037144,E09000007,West Hampstead,E05013671,51.54981004,-0.19003314,525591.6517,184987.3571
Barham Park,,,,Brent,,202209694,E09000005,Wembley Central,E05013514,51.55167842,-0.309851801,517279.7498,184996.4752
Wood End Library,,,,Ealing,,12001293,E09000009,North Greenford,E05013528,51.55227084,-0.348289165,514613.4898,185001.5288
Islington Central Library,,,,Islington,,5300033298,E09000019,Highbury,E05013704,51.54872784,-0.105545308,531452.3047,185015.33
Kentish Town Library,,,,Camden,,5085726,E09000007,Kentish Town South,E05013664,51.54950403,-0.138864449,529140.0496,185042.3307
Queens Crescent Library,,,,Camden,,5055133,E09000007,Haverstock,E05013660,51.54997951,-0.149592003,528394.9661,185076.3412
The Gate Library ,,,,Newham,,10008993577,E09000025,Forest Gate South,E05013912,51.54719385,0.02711327,540654.4039,185091.4031
Homerton Library,,,,Hackney,,1.00E+11,E09000012,Hackney Wick,E05009374,51.54845395,-0.040153269,535986.7987,185104.4226
John Barnes Library,,,,Islington,,10093108781,E09000019,Holloway,E05013706,51.55043083,-0.124213467,530153.1623,185171.3318
South Ruislip Library,,,,Hillingdon,,10003002133,E09000017,South Ruislip,E05013579,51.55683414,-0.393563692,511463.5941,185439.1039
Manor Park Library,,,,Newham,,10008990819,E09000025,Manor Park,E05013916,51.55021122,0.048597724,542134.615,185468.485
Keats Community Library,,,,Camden,,5085918,E09000007,Hampstead Town,E05013659,51.55497759,-0.166629413,527199.8332,185602.4092
Cricklewood,,,,Brent,,202217896,E09000005,Cricklewood & Mapesbury,E05013499,51.556355,-0.225798393,523094.3822,185654.4218
Elm Park Library,,,,Havering,,1.00E+11,E09000016,Elm Park,E05013969,51.55199482,0.200125381,552633.6598,185971.8797
Ickenham Library,,,,Hillingdon,,1.00E+11,E09000017,Ickenham & South Harefield,E05013573,51.56302186,-0.441948781,508094.7598,186054.6195
Roxeth,,,,Harrow,,2.00E+11,E09000015,Roxeth,E05013559,51.56211325,-0.354959407,514126.4735,186085.6363
Harrow Green Community Library,,,,Waltham Forest,,1.00E+11,E09000031,Cann Hall,E05013882,51.5576213,0.008070079,539302.2171,186214.5019
North Library,,,,Islington,,5300060053,E09000019,Tollington,E05013712,51.55990827,-0.120173008,530406.1918,186232.4388
Leyton Library,,,,Waltham Forest,,10009148520,E09000031,Grove Green,E05013888,51.55822906,-0.005941923,538329.0767,186255.4881
Childs Hill ,,,,Barnet,,200219960,E09000003,Childs Hill,E05013631,51.56166852,-0.199092218,524931.1315,186290.5449
Redbridge Central Library,,,,Redbridge,,1.00E+11,E09000026,Clementswood,E05011240,51.55755549,0.076933039,544075.866,186340.5691
Upminster Library,,,,Havering,,1.00E+11,E09000016,Upminster,E05013986,51.55463794,0.249745369,556064.4671,186370.4491
Stoke Newington Library,,,,Hackney,,1.00E+11,E09000012,Clissold,E05009369,51.56111212,-0.081208186,533103.5324,186436.538
Valence,,,,Barking and Dagenham,,100002559,E09000002,Valence,E05014069,51.55806921,0.135478474,548132.3554,186514.5713
Goodmayes Library,,,,Redbridge,,1.00E+11,E09000026,Goodmayes,E05011244,51.55889344,0.110599992,546405.2585,186556.1876
Highgate Library,,,,Camden,,5090720,E09000007,Highgate,E05013661,51.56326752,-0.142487036,528850.0193,186566.4862
Clapton Library,,,,Hackney,,1.00E+11,E09000012,Hackney Downs,E05009373,51.56216084,-0.058336644,534685.7258,186595.0453
N4 Library,,,,Hackney,,10001298318,E09000012,Brownswood,E05009367,51.56332898,-0.101937018,531660.3578,186645.514
Archway Library,,,,Islington,,10012791132,E09000019,Junction,E05013707,51.56517477,-0.134025306,529431.0852,186793.5035
Aldersbrook Library,,,,Redbridge,,1.00E+11,E09000026,Wanstead Park,E05011254,51.56285706,0.034606393,541125.4864,186847.6068
Preston,,,,Brent,,202120286,E09000005,Preston,E05013506,51.56968996,-0.294175125,518319.9106,187024.6449
Ruislip Manor Library,,,,Hillingdon,,10022800920,E09000017,Ruislip Manor,E05013578,51.57182885,-0.409969652,510290.0403,187081.7381
Seven Kings Library,,,,Redbridge,,10034922466,E09000026,Goodmayes,E05011244,51.5642506,0.10146687,545755.0901,187133.6705
Leytonstone Library,,,,Waltham Forest,,1.00E+11,E09000031,Leytonstone,E05013897,51.56766325,0.011976135,539542.2606,187338.6337
Woodberry Down Library,,,,Hackney,,10008328988,E09000012,Woodberry Down,E05009387,51.56958151,-0.089760986,532486.1324,187362.814
Hornchurch Library,,,,Havering,,1.00E+11,E09000016,St Andrew's,E05013982,51.56438705,0.222200226,554122.1686,187396.1548
Stamford Hill Library,,,,Hackney,,1.00E+11,E09000012,Cazenove,E05009368,51.56986343,-0.070823934,533797.6503,187428.6616
Lea Bridge Library,,,,Waltham Forest,,2.00E+11,E09000031,Lea Bridge,E05013895,51.57019993,-0.021899496,537186.941,187556.6395
Manor Farm Library,,,,Hillingdon,,1.00E+11,E09000017,Ruislip,E05013577,51.57749759,-0.426875733,509104.8929,187686.7961
Golders Green ,,,,Barnet,,200049056,E09000003,Childs Hill,E05013631,51.57425403,-0.200179203,524821.3455,187688.2469
Eastcote Library,,,,Hillingdon,,1.00E+11,E09000017,Eastcote,E05013567,51.57987055,-0.399015966,511029.5308,187992.5484
Robert Jeyes Community Library,,,,Barking and Dagenham,,100101901,E09000002,Whalebone,E05014071,51.57212135,0.144638198,548721.4527,188095.717
Stroud Green and Harringay Library,,,,Haringey,,1.00E+11,E09000014,Harringay,E05013590,51.57704541,-0.104800835,531422.3615,188165.6765
Hornsey Library,,,,Haringey,,10022939468,E09000014,Crouch End,E05013588,51.5777629,-0.120331171,530344.2181,188217.6635
Wanstead Library,,,,Redbridge,,1.00E+11,E09000026,Wanstead Village,E05011255,51.57538383,0.026895284,540552.4265,188225.7671
Gayton,,,,Harrow,,10070263324,E09000015,Greenhill,E05013546,51.58118267,-0.330201874,515794.0245,188245.1406
Keith Axon Library,,,,Redbridge,,10090503264,E09000026,Chadwell,E05011237,51.57387616,0.122929149,547211.494,188247.0122
Gants Hill Library,,,,Redbridge,,10034912233,E09000026,Barkingside,E05011235,51.57712887,0.071676366,543649.8357,188506.8144
St Ann's Library,,,,Haringey,,1.00E+11,E09000014,St Ann's,E05013597,51.58041502,-0.081376662,533035.5839,188582.7631
Kingsbury,,,,Brent,,202078174,E09000005,Queensbury,E05013508,51.58552355,-0.274858006,519616.9955,188816.8294
Garden Suburb Community Library ,,,,Barnet,,200207760,E09000003,Garden Suburb,E05013641,51.58580095,-0.181741357,526067.0323,189003.9408
Gidea Park Library,,,,Havering,,1.00E+11,E09000016,Squirrels Heath,E05013985,51.57949079,0.20753372,553055.011,189044.851
Romford Central Library,,,,Havering,,1.00E+11,E09000016,St Edward's,E05013983,51.58027,0.185138066,551500.7624,189084.8512
Walthamstow Library,,,,Waltham Forest,,1.00E+11,E09000031,High Street,E05013891,51.5839726,-0.019438984,537316.001,189092.8276
Hendon,,,,Barnet,,200222812,E09000003,Hendon,E05013643,51.58809113,-0.227360361,522900.4698,189180.9416
Pinner,,,,Harrow,,1.00E+11,E09000015,Pinner South,E05013556,51.59090052,-0.378912076,512395.2353,189249.8231
Marcus Garvey Library,,,,Haringey,,1.00E+11,E09000014,Tottenham Central,E05013601,51.58767917,-0.072436947,533633.6794,189406.8717
Kenton,,,,Harrow,,2.00E+11,E09000015,Kenton East,E05013551,51.59214569,-0.309678337,517187.7604,189496.9501
Marks Gate,,,,Barking and Dagenham,,10002167212,E09000002,Chadwell Heath,E05014058,51.58490561,0.137516448,548186.4005,189502.8722
Muswell Hill Library,,,,Haringey,,1.00E+11,E09000014,Muswell Hill,E05013594,51.59062359,-0.141789878,528821.0447,189609.8289
Wealdstone,,,,Harrow,,2.00E+11,E09000015,Wealdstone South,E05013562,51.59364474,-0.333374798,515542.5837,189625.9531
Clayhall Library,,,,Redbridge,,1.00E+11,E09000026,Clayhall,E05011239,51.58979452,0.051056985,542181.6596,189874.9672
East Finchley,,,,Barnet,,200061457,E09000003,East Finchley,E05013636,51.59342094,-0.165973843,527138.0717,189878.6134
Wood Street Library,,,,Waltham Forest,,2.00E+11,E09000031,Wood Street,E05013903,51.59105708,-0.002843915,538444.1696,189911.9584
Wood Green Central Library and Customer Services,,,,Haringey,,1.00E+11,E09000014,Noel Park,E05013595,51.59502191,-0.108052332,531145.362,190158.9015
Fullwell Cross Library,,,,Redbridge,,10013585783,E09000026,Fairlop,E05011242,51.59269709,0.08689642,544654.9607,190267.9948
Higham Hill Library,,,,Waltham Forest,,1.00E+11,E09000031,William Morris,E05013902,51.59527813,-0.025878336,536836.0096,190338.0126
Northwood Hills Library,,,,Hillingdon,,1.00E+11,E09000017,Northwood Hills,E05013575,51.60229864,-0.406724744,510441.0395,190474.9673
Alexandra Park Library,,,,Haringey,,1.00E+11,E09000014,Alexandra Park,E05013585,51.59833448,-0.135207795,529255.1144,190478.9261
Church End ,,,,Barnet,,200218220,E09000003,Finchley Church End,E05013639,51.59932321,-0.195695662,525063.1742,190483.7003
Harefield Library,,,,Hillingdon,,1.00E+11,E09000017,Harefield Village,E05013568,51.60389981,-0.481377327,505267.4121,190543.0419
South Woodford Library and Gym,,,,Redbridge,,10034922615,E09000026,Churchfields,E05011238,51.59663025,0.023571198,540256.7388,190582.0692
Colindale,,,,Barnet,,200222825,E09000003,Colindale North,E05013632,51.60129207,-0.243478885,521748.6625,190622.0369
South Friern ,,,,Barnet,,200147125,E09000003,Friern Barnet,E05013640,51.59993455,-0.146935286,528438.3924,190636.2092
Harold Wood Library,,,,Havering,,1.00E+11,E09000016,Harold Wood,E05013973,51.59401788,0.237108698,555054.6563,190722.5522
Burnt Oak ,,,,Barnet,,200155264,E09000003,Burnt Oak,E05013630,51.60276504,-0.261638438,520487.2066,190755.8344
Collier Row Library,,,,Havering,,1.00E+11,E09000016,Mawneys,E05013978,51.59796672,0.162482974,549872.9445,191006.0451
Coombes Croft Library,,,,Haringey,,1.00E+11,E09000014,Northumberland Park,E05013596,51.60315254,-0.066697867,533985.7399,191138.0895
Northwood Library,,,,Hillingdon,,1.00E+11,E09000017,Northwood,E05013574,51.61183903,-0.423276417,509271.9024,191511.0677
Woodford Green Library,,,,Redbridge,,2.00E+11,E09000026,Monkhams,E05011249,51.6070902,0.033954993,540943.5237,191765.1895
Hale End Library,,,,Waltham Forest,,1.00E+11,E09000031,Hatch Lane & Highams Park North,E05013890,51.60870578,0.002769562,538779.2702,191885.2284
Hainault Library,,,,Redbridge,,10034923013,E09000026,Hainault,E05011245,51.60753869,0.105766669,545914.4075,191955.8419
Friern Barnet Community Library ,,,,Barnet,,200044867,E09000003,Friern Barnet,E05013640,51.61303719,-0.151842928,528061.6744,192084.6865
Fore Street,,,,Enfield,,207015248,E09000010,Upper Edmonton,E05013694,51.61166506,-0.063707118,534167.7696,192090.2023
Mill Hill ,,,,Barnet,,200057669,E09000003,Mill Hill,E05013645,51.61488958,-0.241490103,521850.0482,192137.4923
Harold Hill Library,,,,Havering,,1.00E+11,E09000016,Heaton,E05013975,51.60723241,0.220053539,553828.756,192155.9324
Edgware ,,,,Barnet,,200220766,E09000003,Edgware,E05013637,51.61577734,-0.272427097,519705.9612,192185.2188
Angel Raynham,,,,Enfield,,207017246,E09000010,Upper Edmonton,E05013694,51.61259183,-0.059377369,534464.8082,192201.2198
Bowes Road,,,,Enfield,,207045509,E09000010,New Southgate,E05013686,51.61492809,-0.129038125,529635.185,192335.1415
Stanmore,,,,Harrow,,1.00E+11,E09000015,Stanmore,E05013560,51.61793485,-0.310063717,517094.7209,192364.1795
Palmers Green,,,,Enfield,,207015887,E09000010,Palmers Green,E05013688,51.61508369,-0.109010668,531021.289,192388.1465
Millfield House,,,,Enfield,,207180891,E09000010,Haselbury,E05013682,51.61589454,-0.079736045,533045.6374,192531.2191
North Finchley ,,,,Barnet,,200097082,E09000003,Woodhouse,E05013651,51.61807536,-0.174310929,526492.1183,192605.8502
South Chingford Community Library,,,,Waltham Forest,,1.00E+11,E09000031,Larkswood,E05013894,51.61609652,-0.016176907,537445.089,192671.3141
Edmonton Green,,,,Enfield,,207189578,E09000010,Lower Edmonton,E05013685,51.62339871,-0.056459901,534634.8345,193408.3408
Winchmore Hill,,,,Enfield,,207036897,E09000010,Highfield,E05013683,51.62790941,-0.096829091,531827.4519,193836.3376
Osidge,,,,Barnet,,200140830,E09000003,Brunswick Park,E05013629,51.62982049,-0.147457177,528317.9741,193958.7725
Southgate Circus,,,,Enfield,,207180633,E09000010,Southgate,E05013692,51.62989232,-0.126731632,529752.155,194003.3382
North Chingford Library,,,,Waltham Forest,,1.00E+11,E09000031,Chingford Green,E05013885,51.63115177,0.0044664,538828.2798,194384.5181
Ridge Avenue,,,,Enfield,,207111058,E09000010,Bush Hill Park,E05013676,51.63568138,-0.080359974,532944.5667,194730.4496
East Barnet ,,,,Barnet,,200016111,E09000003,East Barnet,E05013635,51.64389091,-0.159901578,527417.296,195501.7159
John Jackson,,,,Enfield,,207040251,E09000010,Southbury,E05013691,51.64493374,-0.064906253,533986.6629,195787.5378
Ponders End,,,,Enfield,,207000261,E09000010,Ponders End,E05013689,51.64472766,-0.045949157,535298.8302,195799.5825
Oakwood,,,,Enfield,,207148238,E09000010,Oakwood,E05013687,51.64834202,-0.127561284,529642.1267,196053.568
Enfield Town,,,,Enfield,,207011262,E09000010,Town,E05013693,51.65119271,-0.084620218,532604.4765,196447.6148
Chipping Barnet ,,,,Barnet,,200107378,E09000003,High Barnet,E05013644,51.65565921,-0.203165618,524391.8092,196735.8892
Enfield Highway,,,,Enfield,,207035798,E09000010,Brimsdown,E05013674,51.65843232,-0.045865671,535263.8263,197323.72
Enfield Island Village,,,,Enfield,,207193973,E09000010,Enfield Lock,E05013680,51.66794853,-0.014837634,537381.1144,198439.8912
Ordnance Unity Centre,,,,Enfield,,207144176,E09000010,Enfield Lock,E05013680,51.67157982,-0.037720477,535787.9117,198800.8953
Bullsmoor,,,,Enfield,,207178047,E09000010,Bullsmoor,E05013675,51.67592229,-0.047890153,535071.8166,199264.9464
West Norwood Library and Picturehouse,,,,Lambeth,,10000446790,E09000022,Knight's Hill,E05014106,51.43228329,-0.102510989,531998.3445,172072.0957
Slade Centre Library ,,,,Greenwich,,,E09000011,Plumstead Common,E05014088,51.4788,0.08513,544893.5957,177599.1833
Highgate Library ,1 Shepherds Hill,,,Haringey,,,E09000014,Highgate,E05013592,51.57714,-0.14374,528724.0233,188106.9608
Cat and Mouse Library,,,,Islington,,,E09000019,Tufnell Park,E05013713,51.55279,-0.12496,530094.6783,185432.347
Shepherds Bush Library ,6 Wood Lane,,,Hammersmith and Fulham,,,E09000013,Shepherd's Bush Green,E05013748,51.5059,-0.22427,523336.5627,180046.2712
Greenhill,"Perceval Square, College Road",,,Harrow,,10094044460,E09000015,Greenhill,E05013546,51.57948,-0.33585,515407.014,188046.8774
Uphall School Library,Uphall Road,Ilford,,Redbridge,,1.00E+11,E09000026,,,51.54746664,0.073761534,543775.0001,185266.0001
